{
	 "rootnode": {
		 "name": ""
		,"transformation": [
			 1
			,0
			,0
			,0
			,0
			,1
			,0
			,0
			,0
			,0
			,1
			,0
			,0
			,0
			,0
			,1
		]
		,"meshes": [
			 0
		]
	}
	,"flags": 8
	,"meshes": [
		{
			 "name": ""
			,"materialindex": 0
			,"primitivetypes": 4
			,"vertices": [
				 -0.249167
				,0
				,0.249167
				,-0.294112
				,-0
				,0.131887
				,-0.149444
				,0
				,0.133994
				,-0.082025
				,0
				,0.228801
				,-0.131185
				,0
				,0.360828
				,0.025422
				,0
				,0.270937
				,0.023315
				,0
				,0.398048
				,0.181327
				,0
				,0.372064
				,0.133572
				,0
				,0.247762
				,0.217143
				,-0
				,0.184557
				,0.305813
				,0
				,0.282553
				,0.133572
				,0
				,0.247762
				,0.025422
				,0
				,0.270937
				,0.305813
				,0
				,0.282553
				,-0.393835
				,-0
				,0.133291
				,-0.393133
				,-0
				,0.014607
				,-0.31518
				,0
				,0.013905
				,-0.16981
				,0
				,0.017416
				,0.099161
				,0
				,0.135398
				,0.097054
				,0
				,0.015309
				,0.099161
				,0
				,0.135398
				,0.097054
				,0
				,0.015309
				,-0.149444
				,0
				,0.133994
				,-0.313073
				,-0
				,-0.064047
				,-0.169107
				,0
				,-0.066856
				,-0.393835
				,-0
				,-0.066154
				,-0.313073
				,-0
				,-0.064047
				,-0.295517
				,-0
				,-0.183434
				,-0.39243
				,-0
				,-0.182029
				,-0.295517
				,-0
				,-0.183434
				,-0.149444
				,-0
				,-0.180625
				,0.097756
				,0
				,-0.182029
				,0.098459
				,-0
				,-0.06475
				,-0.23793
				,-0
				,-0.307736
				,-0.071491
				,0
				,-0.285264
				,-0.12346
				,-0
				,-0.411673
				,0.026827
				,-0
				,-0.325293
				,0.0493
				,-0
				,-0.451
				,0.026827
				,-0
				,-0.325293
				,0.0493
				,-0
				,-0.451
				,-0.071491
				,0
				,-0.285264
				,0.12655
				,0
				,-0.301416
				,0.197479
				,-0
				,-0.410268
				,0.206609
				,-0
				,-0.229784
				,0.295797
				,-0
				,-0.32108
			]
			,"normals": [
				 0
				,-1
				,0
				,0
				,-1
				,0
				,0
				,-1
				,0
				,0
				,-1
				,0
				,0
				,-1
				,0
				,0
				,-1
				,0
				,0
				,-1
				,0
				,0
				,-1
				,0
				,0
				,-1
				,0
				,0
				,-1
				,0
				,0
				,-1
				,0
				,0
				,1
				,0
				,0
				,1
				,0
				,0
				,1
				,0
				,0
				,-1
				,0
				,0
				,-1
				,0
				,0
				,-1
				,0
				,0
				,-1
				,0
				,0
				,-1
				,0
				,0
				,-1
				,0
				,0
				,1
				,0
				,0
				,1
				,0
				,0
				,1
				,0
				,0
				,-1
				,0
				,0
				,-1
				,0
				,0
				,1
				,0
				,0
				,1
				,0
				,0
				,1
				,0
				,0
				,1
				,0
				,0
				,-1
				,0
				,0
				,-1
				,0
				,0
				,-1
				,0
				,0
				,-1
				,0
				,0
				,-1
				,0
				,0
				,-1
				,0
				,0
				,-1
				,0
				,0
				,-1
				,0
				,0
				,-1
				,0
				,0
				,1
				,0
				,0
				,1
				,0
				,0
				,1
				,0
				,0
				,1
				,0
				,0
				,1
				,0
				,0
				,1
				,0
				,0
				,1
				,0
			]
			,"colors": [
				[
					 1
					,1
					,1
					,1
					,1
					,1
					,1
					,1
					,1
					,1
					,1
					,1
					,1
					,1
					,1
					,1
					,1
					,1
					,1
					,1
					,1
					,1
					,1
					,1
					,1
					,1
					,1
					,1
					,1
					,1
					,1
					,1
					,1
					,1
					,1
					,1
					,1
					,1
					,1
					,1
					,1
					,1
					,1
					,1
					,1
					,1
					,1
					,1
					,1
					,1
					,1
					,1
					,1
					,1
					,1
					,1
					,1
					,1
					,1
					,1
					,1
					,1
					,1
					,1
					,1
					,1
					,1
					,1
					,1
					,1
					,1
					,1
					,1
					,1
					,1
					,1
					,1
					,1
					,1
					,1
					,1
					,1
					,1
					,1
					,1
					,1
					,1
					,1
					,1
					,1
					,1
					,1
					,1
					,1
					,1
					,1
					,1
					,1
					,1
					,1
					,1
					,1
					,1
					,1
					,1
					,1
					,1
					,1
					,1
					,1
					,1
					,1
					,1
					,1
					,1
					,1
					,1
					,1
					,1
					,1
					,1
					,1
					,1
					,1
					,1
					,1
					,1
					,1
					,1
					,1
					,1
					,1
					,1
					,1
					,1
					,1
					,1
					,1
					,1
					,1
					,1
					,1
					,1
					,1
					,1
					,1
					,1
					,1
					,1
					,1
					,1
					,1
					,1
					,1
					,1
					,1
					,1
					,1
					,1
					,1
					,1
					,1
					,1
					,1
					,1
					,1
					,1
					,1
					,1
					,1
					,1
					,1
					,1
					,1
					,1
					,1
					,1
					,1
					,1
					,1
				]
			]
			,"faces": [
				[
					 0
					,1
					,2
				]
				,[
					 2
					,3
					,0
				]
				,[
					 3
					,4
					,0
				]
				,[
					 14
					,15
					,1
				]
				,[
					 15
					,16
					,1
				]
				,[
					 1
					,16
					,17
				]
				,[
					 1
					,17
					,2
				]
				,[
					 18
					,2
					,17
				]
				,[
					 19
					,18
					,17
				]
				,[
					 16
					,23
					,17
				]
				,[
					 17
					,23
					,24
				]
				,[
					 23
					,29
					,24
				]
				,[
					 30
					,24
					,29
				]
				,[
					 30
					,31
					,24
				]
				,[
					 24
					,31
					,32
				]
				,[
					 29
					,33
					,30
				]
				,[
					 30
					,33
					,34
				]
				,[
					 33
					,35
					,34
				]
				,[
					 34
					,35
					,36
				]
				,[
					 35
					,37
					,36
				]
				,[
					 5
					,6
					,4
				]
				,[
					 5
					,4
					,3
				]
				,[
					 6
					,5
					,7
				]
				,[
					 7
					,5
					,8
				]
				,[
					 9
					,10
					,7
				]
				,[
					 9
					,7
					,8
				]
				,[
					 11
					,12
					,13
				]
				,[
					 20
					,21
					,22
				]
				,[
					 25
					,26
					,27
				]
				,[
					 28
					,25
					,27
				]
				,[
					 38
					,39
					,40
				]
				,[
					 38
					,41
					,39
				]
				,[
					 39
					,41
					,42
				]
				,[
					 41
					,43
					,42
				]
				,[
					 44
					,42
					,43
				]
			]
		}
	]
	,"materials": [
		{
			 "properties": [
				{
					 "key": "$mat.shadingm"
					,"semantic": 0
					,"index": 0
					,"type": 4
					,"value": 2
				}
				,{
					 "key": "$clr.diffuse"
					,"semantic": 0
					,"index": 0
					,"type": 1
					,"value": [
						 0.6
						,0.6
						,0.6
					]
				}
				,{
					 "key": "$clr.specular"
					,"semantic": 0
					,"index": 0
					,"type": 1
					,"value": [
						 0.6
						,0.6
						,0.6
					]
				}
				,{
					 "key": "$clr.ambient"
					,"semantic": 0
					,"index": 0
					,"type": 1
					,"value": [
						 0.05
						,0.05
						,0.05
					]
				}
				,{
					 "key": "$mat.twosided"
					,"semantic": 0
					,"index": 0
					,"type": 4
					,"value": 1
				}
			]
		}
	]
}
