{
	 "rootnode": {
		 "name": "tree.obj"
		,"transformation": [
			 1
			,0
			,0
			,0
			,0
			,1
			,0
			,0
			,0
			,0
			,1
			,0
			,0
			,0
			,0
			,1
		]
		,"children": [
			{
				 "name": "Plane"
				,"transformation": [
					 1
					,0
					,0
					,0
					,0
					,1
					,0
					,0
					,0
					,0
					,1
					,0
					,0
					,0
					,0
					,1
				]
				,"meshes": [
					 0
				]
			}
		]
	}
	,"flags": 8
	,"meshes": [
		{
			 "name": ""
			,"materialindex": 0
			,"primitivetypes": 4
			,"vertices": [
				 0.000944
				,-1e-06
				,0.407419
				,-0.041481
				,-1e-06
				,0.139371
				,-0.099333
				,-1e-06
				,0.390063
				,0.018787
				,-1e-06
				,0.248954
				,-0.041481
				,-1e-06
				,0.139371
				,0.041668
				,-0
				,0.051702
				,0.018787
				,-1e-06
				,0.248954
				,0.041668
				,-0
				,0.051702
				,-0.041481
				,-1e-06
				,0.139371
				,-0.024341
				,-0.012344
				,-0.135543
				,-0.024341
				,-0.012344
				,-0.135543
				,0.038752
				,-0.012344
				,-0.140668
				,0.041668
				,-0
				,0.051702
				,0.038752
				,-0.012344
				,-0.140668
				,0.106608
				,-0.012344
				,-0.056252
				,0.237557
				,-0.012343
				,-0.095897
				,0.294021
				,-0.012344
				,-0.009399
				,0.225543
				,-0.012344
				,0.053072
				,0.106608
				,-0.012344
				,-0.056252
				,0.315646
				,-0.012344
				,0.091516
				,0.237557
				,-0.012343
				,-0.095897
				,0.137843
				,-0.012344
				,-0.184799
				,0.069365
				,-0.012344
				,-0.206423
				,0.310841
				,-0.012344
				,-0.258082
				,0.179891
				,-0.012344
				,-0.249673
				,0.229148
				,-0.012344
				,-0.357796
				,0.104205
				,-0.012344
				,-0.354192
				,0.069365
				,-0.012344
				,-0.206423
				,0.018908
				,-0.012344
				,-0.237659
				,0.018908
				,-0.012344
				,-0.237659
				,0.038752
				,-0.012344
				,-0.140668
				,-0.024341
				,-0.012344
				,-0.135543
				,-0.044765
				,-0.012344
				,-0.224444
				,0.000887
				,-0.012344
				,-0.385427
				,-0.089215
				,-0.012344
				,-0.42267
				,-0.124055
				,-0.012344
				,-0.31815
				,-0.044765
				,-0.012344
				,-0.224444
				,-0.089215
				,-0.012344
				,-0.42267
				,-0.19854
				,-0.012344
				,-0.39624
				,-0.121652
				,-0.012344
				,-0.166778
				,-0.175714
				,-0.012344
				,-0.280908
				,-0.321079
				,-0.012344
				,-0.260485
				,-0.244192
				,-0.012344
				,-0.158369
				,-0.429203
				,-0.012344
				,-0.186
				,-0.192533
				,-0.012344
				,-0.099502
				,-0.101229
				,-0.012344
				,-0.011802
				,-0.178117
				,-0.012344
				,0.065086
				,-0.271823
				,-0.012344
				,-0.020211
				,-0.305462
				,-0.012344
				,0.128759
				,-0.099333
				,-1e-06
				,0.390063
			]
			,"normals": [
				 0
				,1
				,-0
				,0
				,1
				,-0
				,0
				,1
				,-0
				,0
				,-1
				,-0
				,0
				,-1
				,-0
				,0
				,-1
				,-0
				,0
				,1
				,-0
				,0.0505
				,-0.9976
				,0.0479
				,0.0505
				,-0.9976
				,0.0479
				,0.0505
				,-0.9976
				,0.0479
				,0.0052
				,-0.9979
				,0.064
				,0.0052
				,-0.9979
				,0.064
				,0.0052
				,-0.9979
				,0.064
				,0
				,1
				,-0
				,0
				,1
				,-0
				,0
				,1
				,-0
				,0
				,-1
				,-0
				,0
				,-1
				,-0
				,0
				,-1
				,-0
				,0
				,-1
				,-0
				,0
				,-1
				,-0
				,0
				,1
				,-0
				,0
				,1
				,-0
				,0
				,-1
				,-0
				,0
				,-1
				,-0
				,0
				,-1
				,-0
				,0
				,-1
				,-0
				,0
				,-1
				,-0
				,0
				,-1
				,-0
				,0
				,1
				,-0
				,0
				,-1
				,-0
				,0
				,-1
				,-0
				,0
				,-1
				,-0
				,0
				,-1
				,-0
				,0
				,1
				,-0
				,0
				,1
				,-0
				,0
				,1
				,-0
				,0
				,-1
				,-0
				,0
				,1
				,-0
				,0
				,-1
				,-0
				,0
				,-1
				,-0
				,0
				,-1
				,-0
				,0
				,-1
				,-0
				,0
				,-1
				,-0
				,0
				,-1
				,-0
				,0
				,-1
				,-0
				,0
				,-1
				,-0
				,0
				,-1
				,-0
				,0
				,-1
				,-0
				,0
				,0
				,0
			]
			,"faces": [
				[
					 0
					,1
					,2
				]
				,[
					 1
					,0
					,6
				]
				,[
					 3
					,4
					,5
				]
				,[
					 7
					,8
					,9
				]
				,[
					 10
					,11
					,12
				]
				,[
					 13
					,14
					,15
				]
				,[
					 15
					,21
					,13
				]
				,[
					 21
					,22
					,13
				]
				,[
					 22
					,29
					,13
				]
				,[
					 16
					,17
					,18
				]
				,[
					 19
					,17
					,16
				]
				,[
					 20
					,16
					,18
				]
				,[
					 23
					,24
					,25
				]
				,[
					 25
					,24
					,26
				]
				,[
					 24
					,27
					,26
				]
				,[
					 26
					,27
					,28
				]
				,[
					 30
					,31
					,28
				]
				,[
					 32
					,28
					,31
				]
				,[
					 28
					,32
					,33
				]
				,[
					 32
					,31
					,39
				]
				,[
					 39
					,31
					,44
				]
				,[
					 45
					,44
					,31
				]
				,[
					 37
					,33
					,32
				]
				,[
					 32
					,39
					,40
				]
				,[
					 40
					,39
					,41
				]
				,[
					 39
					,42
					,41
				]
				,[
					 43
					,41
					,42
				]
				,[
					 45
					,46
					,44
				]
				,[
					 44
					,46
					,47
				]
				,[
					 46
					,48
					,47
				]
				,[
					 34
					,35
					,36
				]
				,[
					 35
					,34
					,38
				]
			]
		}
	]
	,"materials": [
		{
			 "properties": [
				{
					 "key": "?mat.name"
					,"semantic": 0
					,"index": 0
					,"type": 3
					,"value": "DefaultMaterial"
				}
				,{
					 "key": "$mat.shadingm"
					,"semantic": 0
					,"index": 0
					,"type": 4
					,"value": 2
				}
				,{
					 "key": "$clr.ambient"
					,"semantic": 0
					,"index": 0
					,"type": 1
					,"value": [
						 0
						,0
						,0
					]
				}
				,{
					 "key": "$clr.diffuse"
					,"semantic": 0
					,"index": 0
					,"type": 1
					,"value": [
						 0.6
						,0.6
						,0.6
					]
				}
				,{
					 "key": "$clr.specular"
					,"semantic": 0
					,"index": 0
					,"type": 1
					,"value": [
						 0
						,0
						,0
					]
				}
				,{
					 "key": "$clr.emissive"
					,"semantic": 0
					,"index": 0
					,"type": 1
					,"value": [
						 0
						,0
						,0
					]
				}
				,{
					 "key": "$mat.shininess"
					,"semantic": 0
					,"index": 0
					,"type": 1
					,"value": 0
				}
				,{
					 "key": "$mat.opacity"
					,"semantic": 0
					,"index": 0
					,"type": 1
					,"value": 1
				}
				,{
					 "key": "$mat.refracti"
					,"semantic": 0
					,"index": 0
					,"type": 1
					,"value": 1
				}
			]
		}
	]
}
