{
	 "rootnode": {
		 "name": ""
		,"transformation": [
			 1
			,0
			,0
			,0
			,0
			,1
			,0
			,0
			,0
			,0
			,1
			,0
			,0
			,0
			,0
			,1
		]
		,"meshes": [
			 0
		]
	}
	,"flags": 8
	,"meshes": [
		{
			 "name": ""
			,"materialindex": 0
			,"primitivetypes": 4
			,"vertices": [
				 -0.290413
				,-0
				,0.148177
				,-0.347407
				,-0
				,0.177494
				,-0.435138
				,0
				,0.086446
				,-0.269663
				,-0
				,0.120082
				,-0.435138
				,0
				,0.086446
				,-0.269663
				,-0
				,0.120082
				,-0.422046
				,0
				,-0.06829
				,-0.217296
				,-0
				,-0.143929
				,-0.374006
				,-0
				,-0.170573
				,-0.239533
				,-0
				,-0.173834
				,-0.272505
				,-0
				,-0.197604
				,-0.30561
				,-0
				,-0.216247
				,-0.265083
				,-0
				,-0.210457
				,-0.298534
				,-0
				,-0.231042
				,-0.384525
				,0
				,0.158495
				,-0.347407
				,-0
				,0.177494
				,-0.002701
				,-0
				,-0.373894
				,-0.020337
				,-0
				,-0.45364
				,-0.028005
				,0
				,-0.415301
				,-0.034906
				,0
				,-0.45134
				,-0.093949
				,0
				,-0.403032
				,-0.139956
				,0
				,-0.426803
				,-0.218935
				,0
				,-0.357792
				,-0.199766
				,0
				,-0.329421
				,-0.277211
				,-0
				,-0.268844
				,-0.245006
				,0
				,-0.246608
				,0.077608
				,-0
				,-0.45805
				,0.17499
				,-0
				,-0.427378
				,0.126119
				,-0
				,-0.352424
				,0.231732
				,-0
				,-0.287056
				,0.283874
				,-0
				,-0.303926
				,0.231732
				,-0
				,-0.287056
				,0.17499
				,-0
				,-0.427378
				,0.313012
				,-0
				,-0.323095
				,0.292794
				,-0
				,-0.292564
				,0.313012
				,-0
				,-0.323095
				,0.283874
				,-0
				,-0.303926
				,0.320398
				,0
				,-0.310967
				,0.354085
				,-0
				,-0.193397
				,0.377856
				,-0
				,-0.215634
				,0.386296
				,-0
				,-0.108284
				,0.34335
				,-0
				,-0.077612
				,0.356825
				,-0
				,-0.003434
				,0.323853
				,-0
				,-0.014936
				,0.29647
				,-0
				,0.048431
				,0.331742
				,-0
				,0.058399
				,0.291869
				,-0
				,0.059166
				,0.334043
				,-0
				,0.068367
				,0.284401
				,-0
				,0.072113
				,0.352446
				,-0
				,0.156548
				,0.284401
				,-0
				,0.072113
				,0.334043
				,-0
				,0.068367
				,0.242994
				,-0
				,0.04911
				,0.307287
				,-0
				,0.25111
				,0.193035
				,-0
				,0.367662
				,0.206955
				,-0
				,0.046042
				,0.24671
				,-0
				,0.318587
				,0.037377
				,-0
				,0.257244
				,0.193035
				,-0
				,0.367662
				,0.206955
				,-0
				,0.046042
				,0.038911
				,-0
				,0.294817
				,0.063448
				,-0
				,0.355393
				,0.105621
				,-0
				,0.37533
				,0.063448
				,-0
				,0.355393
				,-0.217296
				,-0
				,-0.143929
				,-0.384525
				,0
				,0.158495
				,-0.374006
				,-0
				,-0.170573
				,-0.002701
				,-0
				,-0.373894
				,-0.020337
				,-0
				,-0.45364
				,0.126119
				,-0
				,-0.352424
				,0.077608
				,-0
				,-0.45805
				,0.038911
				,-0
				,0.294817
			]
			,"normals": [
				 -0
				,-1
				,-1e-06
				,-0
				,-1
				,-1e-06
				,-0
				,-1
				,-1e-06
				,-1e-06
				,-1
				,-0
				,1e-06
				,1
				,0
				,1e-06
				,1
				,0
				,1e-06
				,1
				,0
				,1e-06
				,1
				,0
				,1e-06
				,1
				,0
				,1e-06
				,1
				,-0
				,1e-06
				,1
				,-1e-06
				,2e-06
				,1
				,2e-06
				,-0
				,1
				,-0
				,-0
				,1
				,-0
				,7e-06
				,1
				,-5e-06
				,7e-06
				,1
				,-5e-06
				,3e-06
				,1
				,-1e-06
				,3e-06
				,1
				,-1e-06
				,3e-06
				,1
				,-1e-06
				,4e-06
				,1
				,-1e-06
				,0
				,1
				,-0
				,-0
				,1
				,-0
				,0
				,1
				,1e-06
				,0
				,1
				,1e-06
				,0
				,1
				,1e-06
				,-0
				,1
				,-0
				,-0
				,1
				,-0
				,0
				,1
				,0
				,0
				,1
				,-0
				,0
				,1
				,-0
				,0
				,-1
				,0
				,0
				,-1
				,0
				,0
				,-1
				,0
				,-0
				,-1
				,0
				,-0
				,1
				,-1e-06
				,-0
				,1
				,-1e-06
				,-0
				,1
				,-1e-06
				,-2e-06
				,1
				,-2e-06
				,-0
				,1
				,1e-06
				,-0
				,1
				,1e-06
				,-0
				,1
				,0
				,-0
				,1
				,0
				,0
				,1
				,0
				,1e-06
				,1
				,-0
				,0
				,1
				,-0
				,0
				,1
				,-0
				,0
				,1
				,-0
				,0
				,1
				,-0
				,0
				,1
				,-1e-06
				,-0
				,-1
				,-0
				,-0
				,-1
				,-0
				,-0
				,-1
				,-0
				,0
				,-1
				,-0
				,0
				,-1
				,-0
				,-0
				,-1
				,-0
				,-0
				,-1
				,-0
				,-0
				,-1
				,-0
				,-0
				,1
				,-0
				,-0
				,1
				,-0
				,-0
				,1
				,-0
				,0
				,1
				,-0
				,-0
				,1
				,0
				,0
				,-1
				,1e-06
				,0
				,-1
				,1e-06
				,-1e-06
				,-1
				,-0
				,-0
				,-1
				,0
				,-0
				,-1
				,0
				,-0
				,-1
				,0
				,-0
				,-1
				,0
				,-0
				,-1
				,0
				,0
				,-1
				,0
				,-0
				,-1
				,0
			]
			,"colors": [
				[
					 1
					,1
					,1
					,1
					,1
					,1
					,1
					,1
					,1
					,1
					,1
					,1
					,1
					,1
					,1
					,1
					,1
					,1
					,1
					,1
					,1
					,1
					,1
					,1
					,1
					,1
					,1
					,1
					,1
					,1
					,1
					,1
					,1
					,1
					,1
					,1
					,1
					,1
					,1
					,1
					,1
					,1
					,1
					,1
					,0.886275
					,0.886275
					,0.886275
					,1
					,0.701961
					,0.701961
					,0.701961
					,1
					,0.701961
					,0.701961
					,0.701961
					,1
					,1
					,1
					,1
					,1
					,1
					,1
					,1
					,1
					,1
					,1
					,1
					,1
					,1
					,1
					,1
					,1
					,0.701961
					,0.701961
					,0.701961
					,1
					,0.701961
					,0.701961
					,0.701961
					,1
					,0.682353
					,0.682353
					,0.682353
					,1
					,0.701961
					,0.701961
					,0.701961
					,1
					,0.701961
					,0.701961
					,0.701961
					,1
					,0.701961
					,0.701961
					,0.701961
					,1
					,0.701961
					,0.701961
					,0.701961
					,1
					,0.701961
					,0.701961
					,0.701961
					,1
					,1
					,1
					,1
					,1
					,1
					,1
					,1
					,1
					,1
					,1
					,1
					,1
					,1
					,1
					,1
					,1
					,0.992157
					,0.992157
					,0.992157
					,1
					,1
					,1
					,1
					,1
					,1
					,1
					,1
					,1
					,1
					,1
					,1
					,1
					,0.701961
					,0.701961
					,0.701961
					,1
					,1
					,1
					,1
					,1
					,0.992157
					,0.992157
					,0.992157
					,1
					,0.701961
					,0.701961
					,0.701961
					,1
					,0.701961
					,0.701961
					,0.701961
					,1
					,0.701961
					,0.701961
					,0.701961
					,1
					,0.701961
					,0.701961
					,0.701961
					,1
					,0.701961
					,0.701961
					,0.701961
					,1
					,0.701961
					,0.701961
					,0.701961
					,1
					,0.701961
					,0.701961
					,0.701961
					,1
					,0.67451
					,0.67451
					,0.67451
					,1
					,0.698039
					,0.698039
					,0.698039
					,1
					,0.8
					,0.8
					,0.8
					,1
					,0.917647
					,0.917647
					,0.917647
					,1
					,1
					,1
					,1
					,1
					,1
					,1
					,1
					,1
					,1
					,1
					,1
					,1
					,0.917647
					,0.917647
					,0.917647
					,1
					,1
					,1
					,1
					,1
					,1
					,1
					,1
					,1
					,1
					,1
					,1
					,1
					,1
					,1
					,1
					,1
					,1
					,1
					,1
					,1
					,1
					,1
					,1
					,1
					,1
					,1
					,1
					,1
					,1
					,1
					,1
					,1
					,1
					,1
					,1
					,1
					,1
					,1
					,1
					,1
					,1
					,1
					,1
					,1
					,1
					,1
					,1
					,1
					,1
					,1
					,1
					,1
					,1
					,1
					,1
					,1
					,1
					,1
					,1
					,1
					,1
					,1
					,1
					,1
					,1
					,1
					,1
					,1
					,1
					,1
					,1
					,1
					,1
					,1
					,1
					,1
					,1
					,1
					,1
					,1
				]
			]
			,